leaf_id,species,level,n_features_elevated
beli__damaged_high__image_11,beli,high,5
beli__damaged_high__image_04,beli,high,3
beli__damaged_high__image_08,beli,high,3
beli__damaged_high__image_01,beli,high,2
beli__damaged_high__image_07,beli,high,13
beli__damaged_high__image_02,beli,high,5
beli__damaged_high__image_05,beli,high,5
beli__damaged_high__image_09,beli,high,7
beli__damaged_high__test_2,beli,high,1
beli__damaged_high__test_3,beli,high,10
beli__damaged_high__image_15,beli,high,8
beli__damaged_high__image_14,beli,high,9
beli__damaged_low__image_02,beli,low,0
beli__damaged_low__image_06,beli,low,1
beli__damaged_low__test_1,beli,low,3
beli__damaged_low__image_05,beli,low,1
beli__damaged_low__image_11,beli,low,1
beli__damaged_low__image_17,beli,low,4
beli__damaged_mid__image_01,beli,mid,0
beli__damaged_mid__image_02,beli,mid,1
beli__damaged_mid__image_04,beli,mid,4
beli__damaged_mid__image_03,beli,mid,2
beli__damaged_mid__image_05,beli,mid,3
beli__damaged_mid__test_2,beli,mid,5
beli__damaged_mid__test_3,beli,mid,5
beli__damaged_mid__image_07,beli,mid,4
beli__damaged_mid__image_06,beli,mid,7
beli__damaged_mid__image_08,beli,mid,3
beli__damaged_mid__image_10,beli,mid,2
beli__damaged_mid__image_12,beli,mid,5
beli__healthy__image_03,beli,healthy,1
beli__healthy__image_01,beli,healthy,2
beli__healthy__image_02,beli,healthy,1
beli__healthy__image_04,beli,healthy,5
beli__healthy__image_05,beli,healthy,1
beli__healthy__image_06,beli,healthy,0
beli__healthy__image_07,beli,healthy,4
beli__healthy__image_08,beli,healthy,2
beli__healthy__image_09,beli,healthy,2
beli__healthy__image_11,beli,healthy,2
beli__healthy__image_10,beli,healthy,3
beli__healthy__image_12,beli,healthy,3
beli__healthy__image_13,beli,healthy,1
beli__healthy__image_14,beli,healthy,5
beli__healthy__image_15,beli,healthy,4
beli__healthy__image_17,beli,healthy,4
beli__healthy__image_16,beli,healthy,2
beli__healthy__image_19,beli,healthy,4
beli__healthy__image_18,beli,healthy,3
beli__healthy__image_20,beli,healthy,0
beli__healthy__test_001,beli,healthy,0
beli__healthy__test_002,beli,healthy,1
beli__healthy__image_21,beli,healthy,3
beli__healthy__image_22,beli,healthy,1
beli__healthy__test_003,beli,healthy,1
beli__healthy__test_004,beli,healthy,3
beli__healthy__test_005,beli,healthy,1
beli__healthy__image_23,beli,healthy,3
beli__healthy__image_25,beli,healthy,0
beli__healthy__image_24,beli,healthy,0
kalawal__damaged_high__image_02,kalawal,high,7
kalawal__damaged_high__image_05,kalawal,high,1
kalawal__damaged_high__image_01,kalawal,high,11
kalawal__damaged_high__image_03,kalawal,high,6
kalawal__damaged_high__image_06,kalawal,high,2
kalawal__damaged_high__test_1,kalawal,high,9
kalawal__damaged_high__image_07,kalawal,high,3
kalawal__damaged_high__test_2,kalawal,high,2
kalawal__damaged_high__image_09,kalawal,high,14
kalawal__damaged_high__image_10,kalawal,high,1
kalawal__damaged_high__image_11,kalawal,high,3
kalawal__damaged_high__image_15,kalawal,high,6
kalawal__damaged_low__image_01,kalawal,low,0
kalawal__damaged_low__test_2,kalawal,low,2
kalawal__damaged_low__image_02,kalawal,low,1
kalawal__damaged_low__image_03,kalawal,low,1
kalawal__damaged_low__image_04,kalawal,low,9
kalawal__damaged_low__image_08,kalawal,low,4
kalawal__damaged_mid__image_03,kalawal,mid,1
kalawal__damaged_mid__image_04,kalawal,mid,2
kalawal__damaged_mid__image_08,kalawal,mid,2
kalawal__damaged_mid__image_07,kalawal,mid,7
kalawal__damaged_mid__image_05,kalawal,mid,12
kalawal__damaged_mid__image_11,kalawal,mid,1
kalawal__damaged_mid__test_1,kalawal,mid,2
kalawal__damaged_mid__image_10,kalawal,mid,4
kalawal__damaged_mid__test_2,kalawal,mid,1
kalawal__damaged_mid__image_12,kalawal,mid,3
kalawal__damaged_mid__image_14,kalawal,mid,9
kalawal__damaged_mid__image_15,kalawal,mid,1
kalawal__healthy__image_01,kalawal,healthy,1
kalawal__healthy__image_04,kalawal,healthy,0
kalawal__healthy__image_05,kalawal,healthy,0
kalawal__healthy__image_06,kalawal,healthy,5
kalawal__healthy__image_07,kalawal,healthy,8
kalawal__healthy__image_08,kalawal,healthy,2
kalawal__healthy__image_09,kalawal,healthy,4
kalawal__healthy__image_10,kalawal,healthy,0
kalawal__healthy__image_12,kalawal,healthy,5
kalawal__healthy__image_13,kalawal,healthy,1
kalawal__healthy__image_14,kalawal,healthy,0
kalawal__healthy__image_15,kalawal,healthy,3
kalawal__healthy__image_16,kalawal,healthy,3
kalawal__healthy__image_18,kalawal,healthy,1
kalawal__healthy__image_21,kalawal,healthy,0
kalawal__healthy__image_22,kalawal,healthy,0
kalawal__healthy__image_23,kalawal,healthy,1
kalawal__healthy__image_25,kalawal,healthy,1
kalawal__healthy__image_26,kalawal,healthy,0
kalawal__healthy__image_27,kalawal,healthy,0
kalawal__healthy__image_28,kalawal,healthy,0
kalawal__healthy__test_001,kalawal,healthy,11
kalawal__healthy__image_29,kalawal,healthy,0
kalawal__healthy__test_002,kalawal,healthy,1
kalawal__healthy__test_003,kalawal,healthy,2
kalawal__healthy__test_004,kalawal,healthy,0
kalawal__healthy__test_005,kalawal,healthy,2
kalawal__healthy__image_30,kalawal,healthy,1
kalawal__healthy__image_31,kalawal,healthy,7
kalawal__healthy__image_32,kalawal,healthy,13
kasthuri_dehi__damaged_high__image_02,kasthuri_dehi,high,4
kasthuri_dehi__damaged_high__image_03,kasthuri_dehi,high,10
kasthuri_dehi__damaged_high__image_04,kasthuri_dehi,high,8
kasthuri_dehi__damaged_high__image_07,kasthuri_dehi,high,8
kasthuri_dehi__damaged_high__image_05,kasthuri_dehi,high,8
kasthuri_dehi__damaged_high__test_1,kasthuri_dehi,high,4
kasthuri_dehi__damaged_high__test_2,kasthuri_dehi,high,9
kasthuri_dehi__damaged_high__image_08,kasthuri_dehi,high,12
kasthuri_dehi__damaged_high__image_11,kasthuri_dehi,high,1
kasthuri_dehi__damaged_high__image_12,kasthuri_dehi,high,8
kasthuri_dehi__damaged_high__image_18,kasthuri_dehi,high,9
kasthuri_dehi__damaged_high__image_20,kasthuri_dehi,high,10
kasthuri_dehi__damaged_low__test_1,kasthuri_dehi,low,2
kasthuri_dehi__damaged_low__image_11,kasthuri_dehi,low,8
kasthuri_dehi__damaged_low__image_12,kasthuri_dehi,low,5
kasthuri_dehi__damaged_low__image_13,kasthuri_dehi,low,15
kasthuri_dehi__damaged_low__image_15,kasthuri_dehi,low,12
kasthuri_dehi__damaged_low__image_14,kasthuri_dehi,low,7
kasthuri_dehi__damaged_mid__image_01,kasthuri_dehi,mid,6
kasthuri_dehi__damaged_mid__image_02,kasthuri_dehi,mid,16
kasthuri_dehi__damaged_mid__image_03,kasthuri_dehi,mid,15
kasthuri_dehi__damaged_mid__test_1,kasthuri_dehi,mid,4
kasthuri_dehi__damaged_mid__image_04,kasthuri_dehi,mid,3
kasthuri_dehi__damaged_mid__image_05,kasthuri_dehi,mid,13
kasthuri_dehi__damaged_mid__test_2,kasthuri_dehi,mid,6
kasthuri_dehi__damaged_mid__image_06,kasthuri_dehi,mid,9
kasthuri_dehi__damaged_mid__image_07,kasthuri_dehi,mid,11
kasthuri_dehi__damaged_mid__image_08,kasthuri_dehi,mid,9
kasthuri_dehi__damaged_mid__image_09,kasthuri_dehi,mid,4
kasthuri_dehi__damaged_mid__image_10,kasthuri_dehi,mid,5
kasthuri_dehi__healthy__image_01,kasthuri_dehi,healthy,9
kasthuri_dehi__healthy__image_02,kasthuri_dehi,healthy,3
kasthuri_dehi__healthy__image_03,kasthuri_dehi,healthy,6
kasthuri_dehi__healthy__image_04,kasthuri_dehi,healthy,2
kasthuri_dehi__healthy__image_05,kasthuri_dehi,healthy,0
kasthuri_dehi__healthy__image_06,kasthuri_dehi,healthy,0
kasthuri_dehi__healthy__image_07,kasthuri_dehi,healthy,2
kasthuri_dehi__healthy__image_08,kasthuri_dehi,healthy,0
kasthuri_dehi__healthy__image_10,kasthuri_dehi,healthy,2
kasthuri_dehi__healthy__image_09,kasthuri_dehi,healthy,0
kasthuri_dehi__healthy__image_11,kasthuri_dehi,healthy,3
kasthuri_dehi__healthy__image_12,kasthuri_dehi,healthy,5
kasthuri_dehi__healthy__image_13,kasthuri_dehi,healthy,4
kasthuri_dehi__healthy__image_14,kasthuri_dehi,healthy,13
kasthuri_dehi__healthy__image_15,kasthuri_dehi,healthy,1
kasthuri_dehi__healthy__image_16,kasthuri_dehi,healthy,0
kasthuri_dehi__healthy__image_17,kasthuri_dehi,healthy,5
kasthuri_dehi__healthy__image_18,kasthuri_dehi,healthy,1
kasthuri_dehi__healthy__image_19,kasthuri_dehi,healthy,0
kasthuri_dehi__healthy__image_20,kasthuri_dehi,healthy,0
kasthuri_dehi__healthy__test_001,kasthuri_dehi,healthy,0
kasthuri_dehi__healthy__test_002,kasthuri_dehi,healthy,1
kasthuri_dehi__healthy__test_003,kasthuri_dehi,healthy,0
kasthuri_dehi__healthy__image_21,kasthuri_dehi,healthy,0
kasthuri_dehi__healthy__test_004,kasthuri_dehi,healthy,3
kasthuri_dehi__healthy__image_22,kasthuri_dehi,healthy,1
kasthuri_dehi__healthy__test_005,kasthuri_dehi,healthy,1
kasthuri_dehi__healthy__image_23,kasthuri_dehi,healthy,10
kasthuri_dehi__healthy__image_24,kasthuri_dehi,healthy,11
kasthuri_dehi__healthy__image_25,kasthuri_dehi,healthy,0
kathurupila__damaged_high__image_06,kathurupila,high,3
kathurupila__damaged_high__image_05,kathurupila,high,3
kathurupila__damaged_high__image_08,kathurupila,high,5
kathurupila__damaged_high__image_03,kathurupila,high,4
kathurupila__damaged_high__image_07,kathurupila,high,5
kathurupila__damaged_high__image_09,kathurupila,high,7
kathurupila__damaged_high__test_2,kathurupila,high,3
kathurupila__damaged_high__test_1,kathurupila,high,5
kathurupila__damaged_high__image_10,kathurupila,high,5
kathurupila__damaged_high__image_12,kathurupila,high,3
kathurupila__damaged_high__image_16,kathurupila,high,2
kathurupila__damaged_high__image_15,kathurupila,high,5
kathurupila__damaged_low__test_1,kathurupila,low,5
kathurupila__damaged_low__image_06,kathurupila,low,3
kathurupila__damaged_low__image_11,kathurupila,low,3
kathurupila__damaged_low__image_12,kathurupila,low,2
kathurupila__damaged_low__image_13,kathurupila,low,2
kathurupila__damaged_low__image_14,kathurupila,low,4
kathurupila__damaged_mid__image_01,kathurupila,mid,4
kathurupila__damaged_mid__image_02,kathurupila,mid,4
kathurupila__damaged_mid__image_03,kathurupila,mid,1
kathurupila__damaged_mid__image_04,kathurupila,mid,3
kathurupila__damaged_mid__test_1,kathurupila,mid,3
kathurupila__damaged_mid__image_06,kathurupila,mid,5
kathurupila__damaged_mid__image_05,kathurupila,mid,3
kathurupila__damaged_mid__test_2,kathurupila,mid,2
kathurupila__damaged_mid__image_07,kathurupila,mid,0
kathurupila__damaged_mid__image_09,kathurupila,mid,2
kathurupila__damaged_mid__image_08,kathurupila,mid,3
kathurupila__damaged_mid__image_10,kathurupila,mid,5
kathurupila__healthy__image_01,kathurupila,healthy,1
kathurupila__healthy__image_03,kathurupila,healthy,0
kathurupila__healthy__image_02,kathurupila,healthy,6
kathurupila__healthy__image_04,kathurupila,healthy,0
kathurupila__healthy__image_05,kathurupila,healthy,1
kathurupila__healthy__image_06,kathurupila,healthy,1
kathurupila__healthy__image_07,kathurupila,healthy,2
kathurupila__healthy__image_08,kathurupila,healthy,2
kathurupila__healthy__image_09,kathurupila,healthy,0
kathurupila__healthy__image_11,kathurupila,healthy,1
kathurupila__healthy__image_10,kathurupila,healthy,0
kathurupila__healthy__image_12,kathurupila,healthy,1
kathurupila__healthy__image_13,kathurupila,healthy,1
kathurupila__healthy__image_14,kathurupila,healthy,3
kathurupila__healthy__image_15,kathurupila,healthy,0
kathurupila__healthy__image_16,kathurupila,healthy,1
kathurupila__healthy__image_17,kathurupila,healthy,1
kathurupila__healthy__image_19,kathurupila,healthy,3
kathurupila__healthy__image_18,kathurupila,healthy,1
kathurupila__healthy__image_20,kathurupila,healthy,5
kathurupila__healthy__test_002,kathurupila,healthy,0
kathurupila__healthy__test_001,kathurupila,healthy,3
kathurupila__healthy__image_21,kathurupila,healthy,1
kathurupila__healthy__test_003,kathurupila,healthy,2
kathurupila__healthy__test_004,kathurupila,healthy,0
kathurupila__healthy__test_005,kathurupila,healthy,3
kathurupila__healthy__image_22,kathurupila,healthy,1
kathurupila__healthy__image_24,kathurupila,healthy,2
kathurupila__healthy__image_23,kathurupila,healthy,1
kathurupila__healthy__image_25,kathurupila,healthy,2
kattakumanjal__damaged_high__image_02,kattakumanjal,high,1
kattakumanjal__damaged_high__image_04,kattakumanjal,high,2
kattakumanjal__damaged_high__image_03,kattakumanjal,high,4
kattakumanjal__damaged_high__image_06,kattakumanjal,high,5
kattakumanjal__damaged_high__image_01,kattakumanjal,high,6
kattakumanjal__damaged_high__image_09,kattakumanjal,high,2
kattakumanjal__damaged_high__image_05,kattakumanjal,high,2
kattakumanjal__damaged_high__test_1,kattakumanjal,high,4
kattakumanjal__damaged_high__test_2,kattakumanjal,high,2
kattakumanjal__damaged_high__image_10,kattakumanjal,high,3
kattakumanjal__damaged_high__image_14,kattakumanjal,high,3
kattakumanjal__damaged_high__image_13,kattakumanjal,high,4
kattakumanjal__damaged_low__test_1,kattakumanjal,low,3
kattakumanjal__damaged_low__image_01,kattakumanjal,low,14
kattakumanjal__damaged_low__image_14,kattakumanjal,low,4
kattakumanjal__damaged_low__image_15,kattakumanjal,low,0
kattakumanjal__damaged_low__image_03,kattakumanjal,low,2
kattakumanjal__damaged_low__image_16,kattakumanjal,low,7
kattakumanjal__damaged_mid__image_02,kattakumanjal,mid,7
kattakumanjal__damaged_mid__image_04,kattakumanjal,mid,4
kattakumanjal__damaged_mid__image_06,kattakumanjal,mid,0
kattakumanjal__damaged_mid__image_05,kattakumanjal,mid,13
kattakumanjal__damaged_mid__image_08,kattakumanjal,mid,1
kattakumanjal__damaged_mid__image_07,kattakumanjal,mid,2
kattakumanjal__damaged_mid__test_2,kattakumanjal,mid,0
kattakumanjal__damaged_mid__test_3,kattakumanjal,mid,4
kattakumanjal__damaged_mid__image_09,kattakumanjal,mid,8
kattakumanjal__damaged_mid__image_11,kattakumanjal,mid,2
kattakumanjal__damaged_mid__image_12,kattakumanjal,mid,4
kattakumanjal__damaged_mid__image_13,kattakumanjal,mid,3
kattakumanjal__healthy__image_02,kattakumanjal,healthy,5
kattakumanjal__healthy__image_03,kattakumanjal,healthy,6
kattakumanjal__healthy__image_01,kattakumanjal,healthy,0
kattakumanjal__healthy__image_04,kattakumanjal,healthy,5
kattakumanjal__healthy__image_05,kattakumanjal,healthy,4
kattakumanjal__healthy__image_06,kattakumanjal,healthy,1
kattakumanjal__healthy__image_08,kattakumanjal,healthy,3
kattakumanjal__healthy__image_11,kattakumanjal,healthy,6
kattakumanjal__healthy__image_07,kattakumanjal,healthy,8
kattakumanjal__healthy__image_10,kattakumanjal,healthy,7
kattakumanjal__healthy__image_09,kattakumanjal,healthy,6
kattakumanjal__healthy__image_12,kattakumanjal,healthy,0
kattakumanjal__healthy__image_13,kattakumanjal,healthy,0
kattakumanjal__healthy__image_14,kattakumanjal,healthy,4
kattakumanjal__healthy__image_15,kattakumanjal,healthy,1
kattakumanjal__healthy__image_18,kattakumanjal,healthy,2
kattakumanjal__healthy__image_16,kattakumanjal,healthy,1
kattakumanjal__healthy__image_19,kattakumanjal,healthy,0
kattakumanjal__healthy__image_17,kattakumanjal,healthy,4
kattakumanjal__healthy__image_20,kattakumanjal,healthy,0
kattakumanjal__healthy__image_22,kattakumanjal,healthy,1
kattakumanjal__healthy__image_21,kattakumanjal,healthy,1
kattakumanjal__healthy__test_001,kattakumanjal,healthy,3
kattakumanjal__healthy__test_002,kattakumanjal,healthy,0
kattakumanjal__healthy__test_003,kattakumanjal,healthy,2
kattakumanjal__healthy__test_004,kattakumanjal,healthy,2
kattakumanjal__healthy__test_005,kattakumanjal,healthy,3
kattakumanjal__healthy__image_23,kattakumanjal,healthy,0
kattakumanjal__healthy__image_25,kattakumanjal,healthy,0
kattakumanjal__healthy__image_24,kattakumanjal,healthy,2
maha_undupiyaliya__damaged_high__image_01,maha_undupiyaliya,high,12
maha_undupiyaliya__damaged_high__image_02,maha_undupiyaliya,high,2
maha_undupiyaliya__damaged_high__image_05,maha_undupiyaliya,high,11
maha_undupiyaliya__damaged_high__image_03,maha_undupiyaliya,high,14
maha_undupiyaliya__damaged_high__test_1,maha_undupiyaliya,high,9
maha_undupiyaliya__damaged_high__test_2,maha_undupiyaliya,high,6
maha_undupiyaliya__damaged_high__image_08,maha_undupiyaliya,high,11
maha_undupiyaliya__damaged_high__test_3,maha_undupiyaliya,high,2
maha_undupiyaliya__damaged_high__image_10,maha_undupiyaliya,high,5
maha_undupiyaliya__damaged_high__image_09,maha_undupiyaliya,high,3
maha_undupiyaliya__damaged_high__image_13,maha_undupiyaliya,high,12
maha_undupiyaliya__damaged_high__image_14,maha_undupiyaliya,high,14
maha_undupiyaliya__damaged_low__test_1,maha_undupiyaliya,low,5
maha_undupiyaliya__damaged_low__image_01,maha_undupiyaliya,low,5
maha_undupiyaliya__damaged_low__image_11,maha_undupiyaliya,low,8
maha_undupiyaliya__damaged_low__image_12,maha_undupiyaliya,low,5
maha_undupiyaliya__damaged_low__image_13,maha_undupiyaliya,low,7
maha_undupiyaliya__damaged_low__image_14,maha_undupiyaliya,low,0
maha_undupiyaliya__damaged_mid__image_02,maha_undupiyaliya,mid,1
maha_undupiyaliya__damaged_mid__image_01,maha_undupiyaliya,mid,3
maha_undupiyaliya__damaged_mid__image_03,maha_undupiyaliya,mid,4
maha_undupiyaliya__damaged_mid__image_04,maha_undupiyaliya,mid,4
maha_undupiyaliya__damaged_mid__test_2,maha_undupiyaliya,mid,5
maha_undupiyaliya__damaged_mid__image_05,maha_undupiyaliya,mid,0
maha_undupiyaliya__damaged_mid__test_3,maha_undupiyaliya,mid,6
maha_undupiyaliya__damaged_mid__image_06,maha_undupiyaliya,mid,1
maha_undupiyaliya__damaged_mid__image_07,maha_undupiyaliya,mid,4
maha_undupiyaliya__damaged_mid__image_08,maha_undupiyaliya,mid,4
maha_undupiyaliya__damaged_mid__image_09,maha_undupiyaliya,mid,4
maha_undupiyaliya__damaged_mid__image_10,maha_undupiyaliya,mid,4
maha_undupiyaliya__healthy__image_01,maha_undupiyaliya,healthy,4
maha_undupiyaliya__healthy__image_02,maha_undupiyaliya,healthy,5
maha_undupiyaliya__healthy__image_03,maha_undupiyaliya,healthy,8
maha_undupiyaliya__healthy__image_04,maha_undupiyaliya,healthy,0
maha_undupiyaliya__healthy__image_05,maha_undupiyaliya,healthy,2
maha_undupiyaliya__healthy__image_06,maha_undupiyaliya,healthy,0
maha_undupiyaliya__healthy__image_07,maha_undupiyaliya,healthy,7
maha_undupiyaliya__healthy__image_08,maha_undupiyaliya,healthy,4
maha_undupiyaliya__healthy__image_09,maha_undupiyaliya,healthy,3
maha_undupiyaliya__healthy__image_11,maha_undupiyaliya,healthy,1
maha_undupiyaliya__healthy__image_10,maha_undupiyaliya,healthy,0
maha_undupiyaliya__healthy__image_12,maha_undupiyaliya,healthy,0
maha_undupiyaliya__healthy__image_13,maha_undupiyaliya,healthy,0
maha_undupiyaliya__healthy__image_14,maha_undupiyaliya,healthy,2
maha_undupiyaliya__healthy__image_15,maha_undupiyaliya,healthy,3
maha_undupiyaliya__healthy__image_16,maha_undupiyaliya,healthy,0
maha_undupiyaliya__healthy__image_17,maha_undupiyaliya,healthy,1
maha_undupiyaliya__healthy__image_18,maha_undupiyaliya,healthy,9
maha_undupiyaliya__healthy__image_19,maha_undupiyaliya,healthy,0
maha_undupiyaliya__healthy__image_20,maha_undupiyaliya,healthy,1
maha_undupiyaliya__healthy__image_21,maha_undupiyaliya,healthy,0
maha_undupiyaliya__healthy__test_001,maha_undupiyaliya,healthy,0
maha_undupiyaliya__healthy__test_002,maha_undupiyaliya,healthy,2
maha_undupiyaliya__healthy__test_003,maha_undupiyaliya,healthy,1
maha_undupiyaliya__healthy__image_22,maha_undupiyaliya,healthy,1
maha_undupiyaliya__healthy__test_004,maha_undupiyaliya,healthy,6
maha_undupiyaliya__healthy__test_005,maha_undupiyaliya,healthy,0
maha_undupiyaliya__healthy__image_23,maha_undupiyaliya,healthy,1
maha_undupiyaliya__healthy__image_24,maha_undupiyaliya,healthy,5
maha_undupiyaliya__healthy__image_25,maha_undupiyaliya,healthy,3
nil_awariya__damaged_high__image_01,nil_awariya,high,6
nil_awariya__damaged_high__image_03,nil_awariya,high,1
nil_awariya__damaged_high__image_05,nil_awariya,high,9
nil_awariya__damaged_high__image_08,nil_awariya,high,4
nil_awariya__damaged_high__image_07,nil_awariya,high,5
nil_awariya__damaged_high__image_09,nil_awariya,high,7
nil_awariya__damaged_high__test_2,nil_awariya,high,3
nil_awariya__damaged_high__test_3,nil_awariya,high,8
nil_awariya__damaged_high__image_10,nil_awariya,high,7
nil_awariya__damaged_high__image_11,nil_awariya,high,2
nil_awariya__damaged_high__image_12,nil_awariya,high,6
nil_awariya__damaged_high__image_14,nil_awariya,high,3
nil_awariya__damaged_low__test_1,nil_awariya,low,2
nil_awariya__damaged_low__image_11,nil_awariya,low,4
nil_awariya__damaged_low__image_12,nil_awariya,low,4
nil_awariya__damaged_low__image_13,nil_awariya,low,3
nil_awariya__damaged_low__image_14,nil_awariya,low,4
nil_awariya__damaged_low__image_15,nil_awariya,low,4
nil_awariya__damaged_mid__image_01,nil_awariya,mid,4
nil_awariya__damaged_mid__image_02,nil_awariya,mid,4
nil_awariya__damaged_mid__image_03,nil_awariya,mid,5
nil_awariya__damaged_mid__image_04,nil_awariya,mid,6
nil_awariya__damaged_mid__image_05,nil_awariya,mid,5
nil_awariya__damaged_mid__image_06,nil_awariya,mid,6
nil_awariya__damaged_mid__test_2,nil_awariya,mid,7
nil_awariya__damaged_mid__image_07,nil_awariya,mid,3
nil_awariya__damaged_mid__test_3,nil_awariya,mid,1
nil_awariya__damaged_mid__image_08,nil_awariya,mid,7
nil_awariya__damaged_mid__image_09,nil_awariya,mid,2
nil_awariya__damaged_mid__image_10,nil_awariya,mid,2
nil_awariya__healthy__image_01,nil_awariya,healthy,0
nil_awariya__healthy__image_02,nil_awariya,healthy,0
nil_awariya__healthy__image_03,nil_awariya,healthy,0
nil_awariya__healthy__image_04,nil_awariya,healthy,2
nil_awariya__healthy__image_05,nil_awariya,healthy,2
nil_awariya__healthy__image_06,nil_awariya,healthy,1
nil_awariya__healthy__image_08,nil_awariya,healthy,0
nil_awariya__healthy__image_07,nil_awariya,healthy,0
nil_awariya__healthy__image_09,nil_awariya,healthy,0
nil_awariya__healthy__image_10,nil_awariya,healthy,0
nil_awariya__healthy__image_11,nil_awariya,healthy,0
nil_awariya__healthy__image_12,nil_awariya,healthy,0
nil_awariya__healthy__image_13,nil_awariya,healthy,0
nil_awariya__healthy__image_14,nil_awariya,healthy,2
nil_awariya__healthy__image_15,nil_awariya,healthy,2
nil_awariya__healthy__image_16,nil_awariya,healthy,0
nil_awariya__healthy__image_17,nil_awariya,healthy,1
nil_awariya__healthy__image_18,nil_awariya,healthy,0
nil_awariya__healthy__image_19,nil_awariya,healthy,0
nil_awariya__healthy__image_21,nil_awariya,healthy,3
nil_awariya__healthy__image_22,nil_awariya,healthy,2
nil_awariya__healthy__test_001,nil_awariya,healthy,0
nil_awariya__healthy__image_20,nil_awariya,healthy,2
nil_awariya__healthy__test_002,nil_awariya,healthy,6
nil_awariya__healthy__test_003,nil_awariya,healthy,1
nil_awariya__healthy__test_004,nil_awariya,healthy,3
nil_awariya__healthy__test_005,nil_awariya,healthy,1
nil_awariya__healthy__image_24,nil_awariya,healthy,2
nil_awariya__healthy__image_23,nil_awariya,healthy,1
nil_awariya__healthy__image_25,nil_awariya,healthy,1
ranawara__damaged_high__image_01,ranawara,high,4
ranawara__damaged_high__image_03,ranawara,high,4
ranawara__damaged_high__image_07,ranawara,high,2
ranawara__damaged_high__image_06,ranawara,high,1
ranawara__damaged_high__image_08,ranawara,high,3
ranawara__damaged_high__image_10,ranawara,high,1
ranawara__damaged_high__image_09,ranawara,high,4
ranawara__damaged_high__test_1,ranawara,high,3
ranawara__damaged_high__test_3,ranawara,high,2
ranawara__damaged_high__image_12,ranawara,high,0
ranawara__damaged_high__image_13,ranawara,high,2
ranawara__damaged_high__image_15,ranawara,high,1
ranawara__damaged_low__test_1,ranawara,low,1
ranawara__damaged_low__image_12,ranawara,low,3
ranawara__damaged_low__image_11,ranawara,low,2
ranawara__damaged_low__image_14,ranawara,low,5
ranawara__damaged_low__image_13,ranawara,low,4
ranawara__damaged_low__image_15,ranawara,low,1
ranawara__damaged_mid__image_01,ranawara,mid,1
ranawara__damaged_mid__image_02,ranawara,mid,5
ranawara__damaged_mid__image_03,ranawara,mid,4
ranawara__damaged_mid__image_04,ranawara,mid,1
ranawara__damaged_mid__test_2,ranawara,mid,3
ranawara__damaged_mid__image_05,ranawara,mid,0
ranawara__damaged_mid__image_06,ranawara,mid,6
ranawara__damaged_mid__test_3,ranawara,mid,0
ranawara__damaged_mid__image_07,ranawara,mid,4
ranawara__damaged_mid__image_08,ranawara,mid,1
ranawara__damaged_mid__image_09,ranawara,mid,0
ranawara__damaged_mid__image_17,ranawara,mid,2
ranawara__healthy__image_01,ranawara,healthy,1
ranawara__healthy__image_04,ranawara,healthy,0
ranawara__healthy__image_02,ranawara,healthy,6
ranawara__healthy__image_03,ranawara,healthy,0
ranawara__healthy__image_05,ranawara,healthy,3
ranawara__healthy__image_06,ranawara,healthy,8
ranawara__healthy__image_09,ranawara,healthy,4
ranawara__healthy__image_10,ranawara,healthy,5
ranawara__healthy__image_11,ranawara,healthy,2
ranawara__healthy__image_15,ranawara,healthy,2
ranawara__healthy__image_13,ranawara,healthy,0
ranawara__healthy__image_14,ranawara,healthy,0
ranawara__healthy__image_17,ranawara,healthy,5
ranawara__healthy__image_16,ranawara,healthy,1
ranawara__healthy__image_18,ranawara,healthy,3
ranawara__healthy__image_20,ranawara,healthy,0
ranawara__healthy__image_19,ranawara,healthy,2
ranawara__healthy__image_21,ranawara,healthy,2
ranawara__healthy__image_22,ranawara,healthy,0
ranawara__healthy__image_23,ranawara,healthy,0
ranawara__healthy__image_25,ranawara,healthy,3
ranawara__healthy__image_24,ranawara,healthy,0
ranawara__healthy__test_3,ranawara,healthy,3
ranawara__healthy__test_2,ranawara,healthy,0
ranawara__healthy__test_4,ranawara,healthy,2
ranawara__healthy__test_6,ranawara,healthy,0
ranawara__healthy__test_7,ranawara,healthy,2
ranawara__healthy__image_26,ranawara,healthy,0
ranawara__healthy__image_27,ranawara,healthy,2
ranawara__healthy__image_28,ranawara,healthy,2
siyambala__damaged_high__image_02,siyambala,high,9
siyambala__damaged_high__image_05,siyambala,high,2
siyambala__damaged_high__image_03,siyambala,high,6
siyambala__damaged_high__image_06,siyambala,high,8
siyambala__damaged_high__image_08,siyambala,high,5
siyambala__damaged_high__test_1,siyambala,high,9
siyambala__damaged_high__test_3,siyambala,high,9
siyambala__damaged_high__image_09,siyambala,high,7
siyambala__damaged_high__image_10,siyambala,high,4
siyambala__damaged_high__image_11,siyambala,high,2
siyambala__damaged_high__image_15,siyambala,high,2
siyambala__damaged_high__image_16,siyambala,high,8
siyambala__damaged_low__test_1,siyambala,low,5
siyambala__damaged_low__image_11,siyambala,low,2
siyambala__damaged_low__image_12,siyambala,low,3
siyambala__damaged_low__image_13,siyambala,low,3
siyambala__damaged_low__image_14,siyambala,low,1
siyambala__damaged_low__image_15,siyambala,low,2
siyambala__damaged_mid__image_01,siyambala,mid,3
siyambala__damaged_mid__image_02,siyambala,mid,2
siyambala__damaged_mid__image_03,siyambala,mid,7
siyambala__damaged_mid__image_05,siyambala,mid,4
siyambala__damaged_mid__image_04,siyambala,mid,7
siyambala__damaged_mid__test_2,siyambala,mid,7
siyambala__damaged_mid__image_06,siyambala,mid,4
siyambala__damaged_mid__test_3,siyambala,mid,5
siyambala__damaged_mid__image_07,siyambala,mid,0
siyambala__damaged_mid__image_08,siyambala,mid,5
siyambala__damaged_mid__image_09,siyambala,mid,1
siyambala__damaged_mid__image_10,siyambala,mid,2
siyambala__healthy__image_01,siyambala,healthy,0
siyambala__healthy__image_03,siyambala,healthy,1
siyambala__healthy__image_02,siyambala,healthy,0
siyambala__healthy__image_04,siyambala,healthy,1
siyambala__healthy__image_05,siyambala,healthy,0
siyambala__healthy__image_06,siyambala,healthy,0
siyambala__healthy__image_07,siyambala,healthy,0
siyambala__healthy__image_08,siyambala,healthy,0
siyambala__healthy__image_09,siyambala,healthy,0
siyambala__healthy__image_10,siyambala,healthy,2
siyambala__healthy__image_11,siyambala,healthy,1
siyambala__healthy__image_12,siyambala,healthy,0
siyambala__healthy__image_13,siyambala,healthy,0
siyambala__healthy__image_14,siyambala,healthy,2
siyambala__healthy__image_15,siyambala,healthy,0
siyambala__healthy__image_16,siyambala,healthy,0
siyambala__healthy__image_17,siyambala,healthy,0
siyambala__healthy__image_21,siyambala,healthy,2
siyambala__healthy__image_20,siyambala,healthy,0
siyambala__healthy__image_18,siyambala,healthy,0
siyambala__healthy__image_19,siyambala,healthy,5
siyambala__healthy__test_002,siyambala,healthy,2
siyambala__healthy__test_001,siyambala,healthy,3
siyambala__healthy__test_004,siyambala,healthy,1
siyambala__healthy__test_003,siyambala,healthy,3
siyambala__healthy__image_22,siyambala,healthy,3
siyambala__healthy__test_005,siyambala,healthy,3
siyambala__healthy__image_23,siyambala,healthy,0
siyambala__healthy__image_24,siyambala,healthy,5
siyambala__healthy__image_25,siyambala,healthy,1
thunpath_kurundu__damaged_high__image_01,thunpath_kurundu,high,10
thunpath_kurundu__damaged_high__image_05,thunpath_kurundu,high,10
thunpath_kurundu__damaged_high__image_04,thunpath_kurundu,high,11
thunpath_kurundu__damaged_high__image_06,thunpath_kurundu,high,8
thunpath_kurundu__damaged_high__image_07,thunpath_kurundu,high,10
thunpath_kurundu__damaged_high__test_1,thunpath_kurundu,high,9
thunpath_kurundu__damaged_high__test_2,thunpath_kurundu,high,12
thunpath_kurundu__damaged_high__image_08,thunpath_kurundu,high,11
thunpath_kurundu__damaged_high__image_11,thunpath_kurundu,high,10
thunpath_kurundu__damaged_high__image_12,thunpath_kurundu,high,12
thunpath_kurundu__damaged_high__image_14,thunpath_kurundu,high,14
thunpath_kurundu__damaged_high__image_13,thunpath_kurundu,high,10
thunpath_kurundu__damaged_low__test_1,thunpath_kurundu,low,2
thunpath_kurundu__damaged_low__image_03,thunpath_kurundu,low,9
thunpath_kurundu__damaged_low__image_01,thunpath_kurundu,low,8
thunpath_kurundu__damaged_low__image_05,thunpath_kurundu,low,8
thunpath_kurundu__damaged_low__image_11,thunpath_kurundu,low,5
thunpath_kurundu__damaged_low__image_13,thunpath_kurundu,low,11
thunpath_kurundu__damaged_mid__image_02,thunpath_kurundu,mid,9
thunpath_kurundu__damaged_mid__image_06,thunpath_kurundu,mid,7
thunpath_kurundu__damaged_mid__image_07,thunpath_kurundu,mid,4
thunpath_kurundu__damaged_mid__test_2,thunpath_kurundu,mid,7
thunpath_kurundu__damaged_mid__image_08,thunpath_kurundu,mid,10
thunpath_kurundu__damaged_mid__image_09,thunpath_kurundu,mid,9
thunpath_kurundu__damaged_mid__image_10,thunpath_kurundu,mid,6
thunpath_kurundu__damaged_mid__test_3,thunpath_kurundu,mid,7
thunpath_kurundu__damaged_mid__image_11,thunpath_kurundu,mid,2
thunpath_kurundu__damaged_mid__image_12,thunpath_kurundu,mid,8
thunpath_kurundu__damaged_mid__image_14,thunpath_kurundu,mid,9
thunpath_kurundu__damaged_mid__image_15,thunpath_kurundu,mid,8
thunpath_kurundu__healthy__image_02,thunpath_kurundu,healthy,0
thunpath_kurundu__healthy__image_01,thunpath_kurundu,healthy,0
thunpath_kurundu__healthy__image_03,thunpath_kurundu,healthy,2
thunpath_kurundu__healthy__image_04,thunpath_kurundu,healthy,1
thunpath_kurundu__healthy__image_05,thunpath_kurundu,healthy,4
thunpath_kurundu__healthy__image_06,thunpath_kurundu,healthy,1
thunpath_kurundu__healthy__image_07,thunpath_kurundu,healthy,0
thunpath_kurundu__healthy__image_08,thunpath_kurundu,healthy,3
thunpath_kurundu__healthy__image_09,thunpath_kurundu,healthy,2
thunpath_kurundu__healthy__image_10,thunpath_kurundu,healthy,0
thunpath_kurundu__healthy__image_11,thunpath_kurundu,healthy,1
thunpath_kurundu__healthy__image_12,thunpath_kurundu,healthy,0
thunpath_kurundu__healthy__image_13,thunpath_kurundu,healthy,2
thunpath_kurundu__healthy__image_14,thunpath_kurundu,healthy,4
thunpath_kurundu__healthy__image_15,thunpath_kurundu,healthy,1
thunpath_kurundu__healthy__image_16,thunpath_kurundu,healthy,1
thunpath_kurundu__healthy__image_17,thunpath_kurundu,healthy,8
thunpath_kurundu__healthy__image_18,thunpath_kurundu,healthy,1
thunpath_kurundu__healthy__image_19,thunpath_kurundu,healthy,1
thunpath_kurundu__healthy__image_20,thunpath_kurundu,healthy,1
thunpath_kurundu__healthy__image_21,thunpath_kurundu,healthy,0
thunpath_kurundu__healthy__test_001,thunpath_kurundu,healthy,1
thunpath_kurundu__healthy__test_002,thunpath_kurundu,healthy,7
thunpath_kurundu__healthy__test_003,thunpath_kurundu,healthy,0
thunpath_kurundu__healthy__test_004,thunpath_kurundu,healthy,1
thunpath_kurundu__healthy__test_005,thunpath_kurundu,healthy,4
thunpath_kurundu__healthy__image_22,thunpath_kurundu,healthy,0
thunpath_kurundu__healthy__image_24,thunpath_kurundu,healthy,7
thunpath_kurundu__healthy__image_25,thunpath_kurundu,healthy,0
wal_bilin__damaged_high__image_02,wal_bilin,high,3
wal_bilin__damaged_high__image_05,wal_bilin,high,4
wal_bilin__damaged_high__image_04,wal_bilin,high,4
wal_bilin__damaged_high__image_08,wal_bilin,high,12
wal_bilin__damaged_high__image_09,wal_bilin,high,7
wal_bilin__damaged_high__image_10,wal_bilin,high,10
wal_bilin__damaged_high__test_1,wal_bilin,high,6
wal_bilin__damaged_high__image_11,wal_bilin,high,10
wal_bilin__damaged_high__test_2,wal_bilin,high,6
wal_bilin__damaged_high__image_13,wal_bilin,high,5
wal_bilin__damaged_high__image_14,wal_bilin,high,6
wal_bilin__damaged_high__image_15,wal_bilin,high,17
wal_bilin__damaged_low__test_1,wal_bilin,low,4
wal_bilin__damaged_low__image_07,wal_bilin,low,10
wal_bilin__damaged_low__image_11,wal_bilin,low,5
wal_bilin__damaged_low__image_13,wal_bilin,low,2
wal_bilin__damaged_low__image_12,wal_bilin,low,6
wal_bilin__damaged_low__image_14,wal_bilin,low,10
wal_bilin__damaged_mid__image_01,wal_bilin,mid,1
wal_bilin__damaged_mid__image_02,wal_bilin,mid,8
wal_bilin__damaged_mid__image_03,wal_bilin,mid,4
wal_bilin__damaged_mid__test_2,wal_bilin,mid,1
wal_bilin__damaged_mid__image_04,wal_bilin,mid,6
wal_bilin__damaged_mid__image_05,wal_bilin,mid,0
wal_bilin__damaged_mid__test_3,wal_bilin,mid,5
wal_bilin__damaged_mid__image_07,wal_bilin,mid,3
wal_bilin__damaged_mid__image_06,wal_bilin,mid,3
wal_bilin__damaged_mid__image_08,wal_bilin,mid,7
wal_bilin__damaged_mid__image_09,wal_bilin,mid,8
wal_bilin__damaged_mid__image_10,wal_bilin,mid,2
wal_bilin__healthy__image_01,wal_bilin,healthy,2
wal_bilin__healthy__image_02,wal_bilin,healthy,1
wal_bilin__healthy__image_03,wal_bilin,healthy,1
wal_bilin__healthy__image_04,wal_bilin,healthy,7
wal_bilin__healthy__image_05,wal_bilin,healthy,8
wal_bilin__healthy__image_06,wal_bilin,healthy,0
wal_bilin__healthy__image_07,wal_bilin,healthy,0
wal_bilin__healthy__image_08,wal_bilin,healthy,1
wal_bilin__healthy__image_09,wal_bilin,healthy,3
wal_bilin__healthy__image_10,wal_bilin,healthy,1
wal_bilin__healthy__image_11,wal_bilin,healthy,4
wal_bilin__healthy__image_12,wal_bilin,healthy,2
wal_bilin__healthy__image_13,wal_bilin,healthy,7
wal_bilin__healthy__image_14,wal_bilin,healthy,0
wal_bilin__healthy__image_15,wal_bilin,healthy,2
wal_bilin__healthy__image_16,wal_bilin,healthy,1
wal_bilin__healthy__image_17,wal_bilin,healthy,1
wal_bilin__healthy__image_18,wal_bilin,healthy,1
wal_bilin__healthy__image_20,wal_bilin,healthy,0
wal_bilin__healthy__image_19,wal_bilin,healthy,0
wal_bilin__healthy__image_21,wal_bilin,healthy,0
wal_bilin__healthy__test_001,wal_bilin,healthy,3
wal_bilin__healthy__image_22,wal_bilin,healthy,7
wal_bilin__healthy__test_002,wal_bilin,healthy,3
wal_bilin__healthy__test_003,wal_bilin,healthy,2
wal_bilin__healthy__test_004,wal_bilin,healthy,2
wal_bilin__healthy__test_005,wal_bilin,healthy,1
wal_bilin__healthy__image_23,wal_bilin,healthy,1
wal_bilin__healthy__image_24,wal_bilin,healthy,1
wal_bilin__healthy__image_25,wal_bilin,healthy,1
wal_kollu__damaged_high__image_01,wal_kollu,high,2
wal_kollu__damaged_high__image_06,wal_kollu,high,6
wal_kollu__damaged_high__image_03,wal_kollu,high,9
wal_kollu__damaged_high__image_08,wal_kollu,high,11
wal_kollu__damaged_high__image_09,wal_kollu,high,3
wal_kollu__damaged_high__test_2,wal_kollu,high,2
wal_kollu__damaged_high__test_1,wal_kollu,high,7
wal_kollu__damaged_high__image_10,wal_kollu,high,2
wal_kollu__damaged_high__image_11,wal_kollu,high,10
wal_kollu__damaged_high__test_3,wal_kollu,high,11
wal_kollu__damaged_high__image_12,wal_kollu,high,5
wal_kollu__damaged_high__image_14,wal_kollu,high,11
wal_kollu__damaged_low__test_1,wal_kollu,low,2
wal_kollu__damaged_low__image_12,wal_kollu,low,1
wal_kollu__damaged_low__image_13,wal_kollu,low,1
wal_kollu__damaged_low__image_15,wal_kollu,low,0
wal_kollu__damaged_low__image_14,wal_kollu,low,2
wal_kollu__damaged_low__image_16,wal_kollu,low,4
wal_kollu__damaged_mid__image_02,wal_kollu,mid,1
wal_kollu__damaged_mid__image_01,wal_kollu,mid,5
wal_kollu__damaged_mid__image_03,wal_kollu,mid,2
wal_kollu__damaged_mid__image_04,wal_kollu,mid,1
wal_kollu__damaged_mid__test_2,wal_kollu,mid,2
wal_kollu__damaged_mid__test_3,wal_kollu,mid,3
wal_kollu__damaged_mid__image_05,wal_kollu,mid,2
wal_kollu__damaged_mid__image_06,wal_kollu,mid,0
wal_kollu__damaged_mid__image_07,wal_kollu,mid,5
wal_kollu__damaged_mid__image_08,wal_kollu,mid,1
wal_kollu__damaged_mid__image_09,wal_kollu,mid,8
wal_kollu__damaged_mid__image_10,wal_kollu,mid,3
wal_kollu__healthy__image_01,wal_kollu,healthy,8
wal_kollu__healthy__image_02,wal_kollu,healthy,0
wal_kollu__healthy__image_03,wal_kollu,healthy,1
wal_kollu__healthy__image_04,wal_kollu,healthy,0
wal_kollu__healthy__image_05,wal_kollu,healthy,3
wal_kollu__healthy__image_06,wal_kollu,healthy,3
wal_kollu__healthy__image_07,wal_kollu,healthy,3
wal_kollu__healthy__image_08,wal_kollu,healthy,0
wal_kollu__healthy__image_09,wal_kollu,healthy,0
wal_kollu__healthy__image_10,wal_kollu,healthy,1
wal_kollu__healthy__image_11,wal_kollu,healthy,2
wal_kollu__healthy__image_12,wal_kollu,healthy,0
wal_kollu__healthy__image_13,wal_kollu,healthy,0
wal_kollu__healthy__image_14,wal_kollu,healthy,1
wal_kollu__healthy__image_15,wal_kollu,healthy,9
wal_kollu__healthy__image_16,wal_kollu,healthy,1
wal_kollu__healthy__image_17,wal_kollu,healthy,0
wal_kollu__healthy__image_19,wal_kollu,healthy,0
wal_kollu__healthy__image_20,wal_kollu,healthy,2
wal_kollu__healthy__image_18,wal_kollu,healthy,5
wal_kollu__healthy__image_21,wal_kollu,healthy,1
wal_kollu__healthy__image_22,wal_kollu,healthy,0
wal_kollu__healthy__test_001,wal_kollu,healthy,1
wal_kollu__healthy__test_002,wal_kollu,healthy,0
wal_kollu__healthy__test_003,wal_kollu,healthy,6
wal_kollu__healthy__test_004,wal_kollu,healthy,6
wal_kollu__healthy__test_005,wal_kollu,healthy,0
wal_kollu__healthy__image_23,wal_kollu,healthy,2
wal_kollu__healthy__image_24,wal_kollu,healthy,3
wal_kollu__healthy__image_25,wal_kollu,healthy,0
