species,feature,n_healthy,n_high,healthy_median,low_median,mid_median,high_median,effect_size_high_vs_healthy
beli,boundary_notch_density,30,12,0.0,0.0,0.0,0.0,
beli,colour_pct_chlorotic,30,12,0.0,0.0,0.0,0.0,
beli,miner_trail_coverage_pct,30,12,0.0,0.0,0.0,0.0,
beli,miner_trail_count,30,12,0.0,0.0,0.0,0.0,
beli,deform_specular_pct,30,12,0.0,0.0,0.0,0.0,
beli,deform_specular_blob_density,30,12,0.0,0.0,0.0,0.0,
beli,ldsi_miner_sub,30,12,0.0,0.0,0.0,0.0,
kalawal,boundary_notch_density,30,12,0.0,0.0,0.0,0.0,
kalawal,deform_specular_pct,30,12,0.0,0.0,0.0,0.0,
kalawal,deform_specular_blob_density,30,12,0.0,0.0,0.0,0.0,
kasthuri_dehi,boundary_notch_density,30,12,0.0,0.0,0.0,0.0,
kasthuri_dehi,miner_trail_coverage_pct,30,12,0.0,0.0,0.0,0.0,
kasthuri_dehi,miner_trail_count,30,12,0.0,0.0,0.0,0.0,
kasthuri_dehi,deform_specular_pct,30,12,0.0,0.0,0.0,0.0,
kasthuri_dehi,deform_specular_blob_density,30,12,0.0,0.0,0.0,0.0,
kasthuri_dehi,ldsi_miner_sub,30,12,0.0,0.0,0.0,0.0,
kathurupila,boundary_notch_density,30,12,0.0,0.0,0.0,0.0,
kathurupila,miner_trail_coverage_pct,30,12,0.0,0.0,0.0,0.15,
kathurupila,miner_trail_count,30,12,0.0,0.0,0.0,1.0,
kathurupila,deform_specular_pct,30,12,0.0,0.0,0.0,0.0,
kathurupila,deform_specular_blob_density,30,12,0.0,0.0,0.0,0.0,
kathurupila,ldsi_hole_sub,30,12,30.0,30.0,30.0,32.59,
kathurupila,ldsi_miner_sub,30,12,0.0,0.0,0.0,1.345,
kattakumanjal,boundary_notch_density,30,12,0.0,0.0,0.0,0.0,
kattakumanjal,deform_specular_pct,30,12,0.0,0.0,0.0,0.0,
kattakumanjal,deform_specular_blob_density,30,12,0.0,0.0,0.0,0.0,
maha_undupiyaliya,boundary_notch_density,30,12,0.0,0.0,0.0,0.0,
maha_undupiyaliya,miner_trail_coverage_pct,30,12,0.0,0.0,0.0,0.0,
maha_undupiyaliya,miner_trail_count,30,12,0.0,0.0,0.0,0.0,
maha_undupiyaliya,deform_specular_pct,30,12,0.0,0.0,0.0,0.0,
maha_undupiyaliya,deform_specular_blob_density,30,12,0.0,0.0,0.0,0.0,
maha_undupiyaliya,ldsi_miner_sub,30,12,0.0,0.0,0.0,0.0,
nil_awariya,boundary_notch_density,30,12,0.0,0.0,0.0,0.0,
nil_awariya,miner_trail_coverage_pct,30,12,0.0,0.0,0.0,0.0,
nil_awariya,miner_trail_count,30,12,0.0,0.0,0.0,0.0,
nil_awariya,deform_specular_pct,30,12,0.0,0.0,0.0,0.0,
nil_awariya,deform_specular_blob_density,30,12,0.0,0.0,0.0,0.0,
nil_awariya,ldsi_miner_sub,30,12,0.0,0.0,0.0,0.0,
ranawara,boundary_notch_density,30,12,0.0,0.0,0.0,0.0,
ranawara,deform_specular_pct,30,12,0.0,0.0,0.0,0.0,
ranawara,deform_specular_blob_density,30,12,0.0,0.0,0.0,0.0,
siyambala,boundary_notch_density,30,12,0.0,0.0,0.0,0.0,
siyambala,miner_trail_coverage_pct,30,12,0.0,0.0,0.0,0.0,
siyambala,miner_trail_count,30,12,0.0,0.0,0.0,0.0,
siyambala,deform_specular_pct,30,12,0.0,0.0,0.0,0.0,
siyambala,deform_specular_blob_density,30,12,0.0,0.0,0.0,0.0,
siyambala,ldsi_miner_sub,30,12,0.0,0.0,0.0,0.0,
thunpath_kurundu,boundary_notch_density,29,12,0.0,0.0,0.0,0.0,
thunpath_kurundu,colour_pct_chlorotic,29,12,0.0,0.0,0.0,0.0,
thunpath_kurundu,miner_trail_coverage_pct,29,12,0.0,0.0,0.0,0.0,
thunpath_kurundu,miner_trail_count,29,12,0.0,0.0,0.0,0.0,
thunpath_kurundu,deform_specular_pct,29,12,0.0,0.0,0.0,0.0,
thunpath_kurundu,deform_specular_blob_density,29,12,0.0,0.0,0.0,0.0,
thunpath_kurundu,ldsi_miner_sub,29,12,0.0,0.0,0.0,0.0,
wal_bilin,boundary_notch_density,30,12,0.0,0.0,0.0,0.0,
wal_bilin,miner_trail_coverage_pct,30,12,0.0,0.0,0.0,0.0,
wal_bilin,miner_trail_count,30,12,0.0,0.0,0.0,0.0,
wal_bilin,deform_specular_pct,30,12,0.0,0.0,0.0,0.0,
wal_bilin,deform_specular_blob_density,30,12,0.0,0.0,0.0,0.0,
wal_bilin,ldsi_miner_sub,30,12,0.0,0.0,0.0,0.0,
wal_kollu,boundary_notch_density,30,12,0.0,0.0,0.0,0.0,
wal_kollu,colour_pct_chlorotic,30,12,0.0,0.001,0.0,0.035,
wal_kollu,miner_trail_coverage_pct,30,12,0.0,0.0,0.0,0.0,
wal_kollu,miner_trail_count,30,12,0.0,0.0,0.0,0.0,
wal_kollu,deform_specular_pct,30,12,0.0,0.0,0.0,0.0,
wal_kollu,deform_specular_blob_density,30,12,0.0,0.0,0.0,0.0,
wal_kollu,ldsi_miner_sub,30,12,0.0,0.0,0.0,0.0,
ranawara,ldsi_colour_sub,30,12,0.631,0.711,0.435,0.63,-0.0
ranawara,ldsi_miner_sub,30,12,0.0,2.337,0.0,0.0,0.0
ranawara,miner_trail_coverage_pct,30,12,0.0,0.251,0.0,0.0,0.0
ranawara,miner_trail_count,30,12,0.0,1.5,0.0,0.0,0.0
maha_undupiyaliya,colour_pct_chlorotic,30,12,0.0,0.0,0.0,0.0,0.0
beli,deform_width_profile_roughness,30,12,0.13,0.118,0.124,0.128,-0.04
thunpath_kurundu,scar_tissue_ratio,29,12,0.189,0.078,0.15,0.204,0.05
thunpath_kurundu,ldsi_scar_sub,29,12,18.892,7.83,14.953,20.409,0.05
wal_kollu,scar_tissue_ratio,30,12,0.156,0.181,0.176,0.137,-0.06
wal_kollu,ldsi_scar_sub,30,12,15.627,18.114,17.564,13.744,-0.06
nil_awariya,spot_area_ratio,30,12,0.38,0.367,0.275,0.366,-0.07
kalawal,spot_density_per_1000px,30,12,0.277,0.243,0.198,0.264,-0.1
beli,texture_h_glcm_contrast_mean,30,12,5.382,4.657,4.868,5.256,-0.1
kathurupila,deform_width_profile_roughness,30,12,0.263,0.219,0.243,0.253,-0.1
ranawara,colour_pct_necrotic,30,12,1.597,1.735,1.088,1.378,-0.1
kathurupila,scar_tissue_ratio,30,12,0.313,0.324,0.348,0.323,0.11
kathurupila,ldsi_scar_sub,30,12,31.336,32.445,34.756,32.288,0.11
wal_kollu,boundary_margin_deficit_ratio,30,12,0.145,0.163,0.151,0.15,0.11
kattakumanjal,necrotic_spot_count,30,12,11.5,19.5,17.0,10.0,-0.12
kattakumanjal,ldsi_scar_sub,30,12,33.489,32.371,35.242,34.91,0.12
ranawara,hole_area_ratio,30,12,0.028,0.034,0.028,0.03,0.12
kattakumanjal,scar_tissue_ratio,30,12,0.335,0.324,0.352,0.349,0.12
nil_awariya,ldsi_colour_sub,30,12,14.917,14.109,10.948,14.05,-0.13
kalawal,boundary_margin_deficit_ratio,30,12,0.159,0.134,0.141,0.166,0.13
kathurupila,spot_area_ratio,30,12,0.042,0.013,0.013,0.012,-0.13
nil_awariya,colour_pct_necrotic,30,12,44.696,42.174,31.97,41.809,-0.14
beli,boundary_contour_roughness,30,12,1.115,1.121,1.119,1.12,0.14
ranawara,necrotic_spot_count,30,12,10.0,13.5,9.0,11.0,0.15
ranawara,spot_count,30,12,10.0,13.5,9.0,11.0,0.15
ranawara,texture_h_lbp_entropy,30,12,3.039,3.271,3.08,3.068,0.16
nil_awariya,spot_mean_size,30,12,386.477,262.844,212.951,340.564,-0.16
ranawara,colour_pct_pale_patch,30,12,0.557,0.84,0.677,0.639,0.17
maha_undupiyaliya,ldsi_scar_sub,30,12,21.951,21.525,11.218,25.928,0.17
maha_undupiyaliya,scar_tissue_ratio,30,12,0.22,0.215,0.112,0.259,0.17
kattakumanjal,spot_count,30,12,12.0,19.5,17.0,10.0,-0.17
ranawara,spot_area_ratio,30,12,0.014,0.014,0.007,0.009,-0.18
maha_undupiyaliya,deform_width_profile_roughness,30,12,0.144,0.136,0.15,0.154,0.18
wal_kollu,colour_pct_necrotic,30,12,0.384,0.107,0.423,0.46,0.18
wal_kollu,deform_width_profile_roughness,30,12,0.138,0.15,0.146,0.149,0.2
wal_bilin,hole_area_ratio,30,12,0.002,0.0,0.002,0.004,0.2
wal_bilin,ldsi_hole_sub,30,12,11.506,0.0,11.156,13.243,0.2
maha_undupiyaliya,ldsi_boundary_sub,30,12,6.24,5.564,5.683,5.746,-0.21
wal_kollu,spot_mean_size,30,12,14.5,15.0,17.929,23.567,0.21
kathurupila,ldsi_colour_sub,30,12,3.295,0.995,0.905,1.047,-0.22
nil_awariya,spot_density_per_1000px,30,12,1.081,1.319,1.323,1.19,0.22
siyambala,scar_tissue_ratio,30,12,0.245,0.289,0.221,0.259,0.22
siyambala,ldsi_scar_sub,30,12,24.535,28.868,22.064,25.912,0.22
kasthuri_dehi,boundary_margin_deficit_ratio,30,12,0.008,0.006,0.011,0.007,-0.22
kathurupila,colour_pct_chlorotic,30,12,0.06,0.0,0.0,0.002,-0.22
ranawara,ldsi_scar_sub,30,12,24.856,22.258,22.868,25.914,0.23
ranawara,scar_tissue_ratio,30,12,0.249,0.223,0.229,0.259,0.23
ranawara,boundary_contour_roughness,30,12,1.334,1.4,1.404,1.361,0.23
kathurupila,colour_pct_necrotic,30,12,9.714,2.684,2.397,2.302,-0.25
beli,scar_tissue_ratio,30,12,0.189,0.115,0.081,0.106,-0.26
kattakumanjal,deform_luminance_std,30,12,35.519,38.319,34.402,36.805,0.26
beli,ldsi_scar_sub,30,12,18.921,11.472,8.072,10.641,-0.26
nil_awariya,texture_h_glcm_contrast_mean,30,12,12.246,10.788,11.508,10.947,-0.26
ranawara,spot_mean_size,30,12,35.125,28.75,29.75,24.831,-0.26
thunpath_kurundu,texture_h_glcm_contrast_mean,29,12,9.512,9.001,9.371,10.456,0.26
beli,boundary_margin_deficit_ratio,30,12,0.156,0.189,0.154,0.139,-0.27
kasthuri_dehi,texture_h_lbp_entropy,30,12,2.73,2.914,2.842,2.795,0.28
kalawal,ldsi_boundary_sub,30,12,7.21,7.004,6.802,7.728,0.32
kattakumanjal,spot_density_per_1000px,30,12,0.301,0.396,0.308,0.21,-0.32
kattakumanjal,spot_area_ratio,30,12,0.013,0.019,0.017,0.009,-0.32
kattakumanjal,colour_pct_chlorotic,30,12,0.037,0.01,0.006,0.0,-0.34
wal_bilin,texture_h_lbp_entropy,30,12,3.086,3.159,3.075,3.153,0.34
kattakumanjal,boundary_margin_deficit_ratio,30,12,0.189,0.2,0.221,0.211,0.34
beli,spot_area_ratio,30,12,0.002,0.001,0.002,0.003,0.36
thunpath_kurundu,boundary_margin_deficit_ratio,29,12,0.09,0.122,0.144,0.113,0.37
thunpath_kurundu,texture_h_lbp_entropy,29,12,3.115,2.982,2.904,3.002,-0.37
kalawal,spot_mean_size,30,12,44.033,46.167,36.917,32.1,-0.37
kathurupila,spot_mean_size,30,12,78.326,48.155,36.562,40.939,-0.38
nil_awariya,ldsi_hole_sub,30,12,25.151,27.886,30.0,30.0,0.38
maha_undupiyaliya,spot_mean_size,30,12,60.0,159.833,64.0,104.578,0.38
ranawara,spot_density_per_1000px,30,12,0.447,0.445,0.264,0.346,-0.38
ranawara,hole_count,30,12,13.0,20.0,16.5,17.0,0.4
siyambala,colour_pct_pale_patch,30,12,0.578,0.552,0.476,0.512,-0.4
kalawal,spot_area_ratio,30,12,0.011,0.011,0.009,0.009,-0.41
kattakumanjal,deform_width_profile_roughness,30,12,0.28,0.22,0.27,0.229,-0.42
kalawal,colour_pct_necrotic,30,12,2.243,2.231,1.809,1.791,-0.42
wal_kollu,deform_luminance_std,30,12,28.48,26.773,27.551,29.903,0.42
kalawal,necrotic_spot_count,30,12,10.5,10.5,7.5,13.0,0.43
kattakumanjal,texture_h_lbp_entropy,30,12,3.479,3.408,3.411,3.418,-0.44
kattakumanjal,spot_mean_size,30,12,49.972,52.92,60.333,40.395,-0.44
kalawal,ldsi_colour_sub,30,12,0.796,0.894,0.62,0.658,-0.44
maha_undupiyaliya,boundary_margin_deficit_ratio,30,12,0.14,0.122,0.123,0.111,-0.45
wal_bilin,spot_mean_size,30,12,27.5,13.5,24.333,44.167,0.46
siyambala,spot_area_ratio,30,12,0.081,0.087,0.098,0.04,-0.46
nil_awariya,hole_area_ratio,30,12,0.012,0.014,0.018,0.019,0.46
kathurupila,spot_count,30,12,20.5,10.0,8.0,9.0,-0.46
nil_awariya,colour_pct_pale_patch,30,12,0.225,0.248,0.332,0.365,0.47
kathurupila,necrotic_spot_count,30,12,20.5,9.5,8.0,9.0,-0.47
thunpath_kurundu,deform_luminance_std,29,12,36.094,35.237,37.152,38.781,0.48
kasthuri_dehi,necrotic_spot_count,30,12,5.0,9.5,14.0,7.5,0.48
beli,deform_luminance_std,30,12,28.726,25.625,26.429,26.514,-0.49
kattakumanjal,miner_trail_count,30,12,0.5,1.5,1.5,1.0,0.5
maha_undupiyaliya,hole_count,30,12,2.0,1.5,1.5,3.0,0.5
siyambala,deform_luminance_std,30,12,32.781,33.719,31.158,31.509,-0.5
wal_bilin,boundary_margin_deficit_ratio,30,12,0.102,0.075,0.106,0.123,0.5
ranawara,deform_width_profile_roughness,30,12,0.201,0.159,0.222,0.248,0.51
siyambala,spot_mean_size,30,12,68.503,89.235,65.716,36.582,-0.51
beli,ldsi_boundary_sub,30,12,7.115,7.719,7.022,6.224,-0.51
wal_bilin,texture_h_glcm_contrast_mean,30,12,7.196,8.832,7.909,7.824,0.53
kattakumanjal,hole_count,30,12,4.5,9.0,6.0,7.0,0.53
beli,spot_mean_size,30,12,28.5,36.75,49.033,48.5,0.53
kattakumanjal,ldsi_colour_sub,30,12,1.159,1.585,1.269,0.676,-0.54
kasthuri_dehi,colour_pct_chlorotic,30,12,0.069,0.107,0.009,0.008,-0.56
kalawal,hole_count,30,12,4.5,5.5,6.5,7.0,0.56
kathurupila,spot_density_per_1000px,30,12,0.968,0.326,0.275,0.328,-0.58
kasthuri_dehi,spot_count,30,12,5.0,10.5,14.0,8.0,0.6
kattakumanjal,ldsi_miner_sub,30,12,0.189,3.76,2.824,3.34,0.6
kattakumanjal,miner_trail_coverage_pct,30,12,0.02,0.406,0.293,0.369,0.6
kalawal,spot_count,30,12,10.5,11.0,7.5,14.0,0.61
kattakumanjal,ldsi_boundary_sub,30,12,8.313,9.3,10.547,9.625,0.61
siyambala,ldsi_colour_sub,30,12,4.948,4.121,4.571,2.855,-0.61
kasthuri_dehi,deform_luminance_std,30,12,32.3,36.382,38.144,37.032,0.61
wal_bilin,ldsi_boundary_sub,30,12,4.868,3.812,4.929,5.634,0.61
kattakumanjal,colour_pct_necrotic,30,12,3.435,4.583,3.626,1.733,-0.62
siyambala,ldsi_boundary_sub,30,12,5.418,4.772,5.14,4.398,-0.64
kalawal,deform_luminance_std,30,12,32.735,33.019,34.817,34.812,0.64
maha_undupiyaliya,necrotic_spot_count,30,12,4.0,9.5,4.5,8.0,0.64
maha_undupiyaliya,spot_count,30,12,4.0,9.5,4.5,8.0,0.64
wal_kollu,ldsi_boundary_sub,30,12,6.215,7.1,6.474,7.037,0.65
beli,spot_density_per_1000px,30,12,0.04,0.04,0.051,0.067,0.65
ranawara,texture_h_glcm_contrast_mean,30,12,21.68,22.27,19.547,16.97,-0.67
ranawara,colour_pct_chlorotic,30,12,0.081,0.003,0.0,0.0,-0.68
ranawara,ldsi_hole_sub,30,12,33.305,47.931,42.57,44.518,0.68
kalawal,deform_width_profile_roughness,30,12,0.274,0.28,0.234,0.216,-0.69
wal_kollu,texture_h_lbp_entropy,30,12,2.926,2.976,2.965,3.079,0.7
thunpath_kurundu,ldsi_boundary_sub,29,12,4.202,5.402,6.077,5.543,0.71
thunpath_kurundu,deform_width_profile_roughness,29,12,0.153,0.152,0.136,0.118,-0.71
nil_awariya,boundary_contour_roughness,30,12,1.234,1.224,1.214,1.211,-0.72
nil_awariya,hole_count,30,12,5.0,9.0,8.5,8.5,0.74
kalawal,miner_trail_coverage_pct,30,12,0.0,0.0,0.0,0.167,0.74
siyambala,texture_h_lbp_entropy,30,12,3.358,3.307,3.475,3.29,-0.75
ranawara,ldsi_boundary_sub,30,12,4.808,5.71,5.637,6.105,0.75
kathurupila,ldsi_boundary_sub,30,12,4.131,4.638,5.198,5.439,0.78
siyambala,hole_area_ratio,30,12,0.017,0.016,0.014,0.011,-0.79
beli,colour_pct_necrotic,30,12,0.301,0.332,0.36,0.551,0.79
beli,ldsi_colour_sub,30,12,0.109,0.119,0.128,0.193,0.79
kalawal,texture_h_lbp_entropy,30,12,2.817,2.945,2.988,2.941,0.8
kalawal,ldsi_miner_sub,30,12,0.0,0.0,0.0,1.666,0.8
wal_kollu,necrotic_spot_count,30,12,1.0,0.5,3.5,4.0,0.8
kalawal,ldsi_hole_sub,30,12,17.279,21.613,24.627,29.015,0.81
kattakumanjal,ldsi_hole_sub,30,12,16.319,30.0,26.239,25.563,0.81
wal_kollu,spot_density_per_1000px,30,12,0.044,0.02,0.084,0.124,0.81
kasthuri_dehi,ldsi_colour_sub,30,12,0.878,4.363,2.144,1.632,0.84
kalawal,hole_area_ratio,30,12,0.006,0.009,0.011,0.015,0.86
wal_kollu,spot_area_ratio,30,12,0.001,0.0,0.002,0.004,0.86
kasthuri_dehi,colour_pct_necrotic,30,12,2.529,12.764,6.337,4.805,0.86
kalawal,texture_h_glcm_contrast_mean,30,12,8.784,10.536,10.233,10.497,0.87
kathurupila,boundary_contour_roughness,30,12,1.248,1.222,1.216,1.299,0.92
wal_bilin,deform_width_profile_roughness,30,12,0.146,0.119,0.147,0.174,0.92
wal_bilin,deform_luminance_std,30,12,27.775,27.93,28.415,30.567,0.92
kathurupila,texture_h_glcm_contrast_mean,30,12,13.149,14.79,13.627,16.666,0.92
kalawal,colour_pct_chlorotic,30,12,0.003,0.002,0.008,0.012,0.92
nil_awariya,deform_width_profile_roughness,30,12,0.383,0.322,0.278,0.252,-0.94
kathurupila,boundary_margin_deficit_ratio,30,12,0.024,0.049,0.06,0.049,0.95
maha_undupiyaliya,spot_area_ratio,30,12,0.011,0.055,0.011,0.042,0.97
wal_kollu,texture_h_glcm_contrast_mean,30,12,6.254,6.184,6.605,7.116,0.98
siyambala,spot_density_per_1000px,30,12,1.443,1.194,1.461,1.018,-0.99
siyambala,colour_pct_necrotic,30,12,14.299,11.513,13.52,3.57,-1.0
kalawal,miner_trail_count,30,12,0.0,0.0,0.0,1.0,1.0
nil_awariya,boundary_margin_deficit_ratio,30,12,0.047,0.059,0.064,0.064,1.0
thunpath_kurundu,colour_pct_pale_patch,29,12,0.122,0.062,0.099,0.212,1.01
kalawal,boundary_contour_roughness,30,12,1.163,1.185,1.191,1.204,1.02
kattakumanjal,hole_area_ratio,30,12,0.005,0.016,0.009,0.011,1.03
kasthuri_dehi,spot_density_per_1000px,30,12,0.347,0.747,0.802,0.8,1.04
wal_kollu,ldsi_colour_sub,30,12,0.132,0.055,0.157,0.298,1.04
nil_awariya,ldsi_boundary_sub,30,12,4.431,4.801,5.019,5.253,1.05
maha_undupiyaliya,texture_h_lbp_entropy,30,12,2.456,2.644,2.688,2.688,1.05
maha_undupiyaliya,colour_pct_necrotic,30,12,2.275,6.716,2.219,6.965,1.07
wal_bilin,colour_pct_chlorotic,30,12,0.023,0.0,0.003,0.203,1.09
siyambala,ldsi_hole_sub,30,12,43.458,31.73,30.0,24.291,-1.11
kattakumanjal,texture_h_glcm_contrast_mean,30,12,7.648,7.905,7.38,9.265,1.12
kasthuri_dehi,spot_area_ratio,30,12,0.015,0.106,0.053,0.038,1.13
kasthuri_dehi,spot_mean_size,30,12,33.222,98.524,143.717,91.333,1.13
kasthuri_dehi,ldsi_hole_sub,30,12,0.0,11.581,12.517,10.832,1.13
kasthuri_dehi,ldsi_boundary_sub,30,12,1.553,1.579,1.995,1.907,1.13
nil_awariya,ldsi_scar_sub,30,12,41.091,33.602,29.69,30.553,-1.14
nil_awariya,scar_tissue_ratio,30,12,0.411,0.336,0.297,0.306,-1.14
kalawal,ldsi_scar_sub,30,12,21.405,31.046,29.669,33.704,1.15
kalawal,scar_tissue_ratio,30,12,0.214,0.31,0.297,0.337,1.15
wal_bilin,necrotic_spot_count,30,12,2.0,1.0,3.0,5.5,1.17
maha_undupiyaliya,ldsi_colour_sub,30,12,0.76,2.256,0.808,2.499,1.19
kalawal,colour_pct_pale_patch,30,12,0.111,0.189,0.214,0.288,1.2
wal_kollu,spot_count,30,12,1.0,1.0,3.5,5.5,1.2
ranawara,deform_luminance_std,30,12,35.695,34.282,30.898,29.623,-1.26
wal_bilin,colour_pct_necrotic,30,12,1.023,0.463,1.932,2.602,1.27
kathurupila,deform_luminance_std,30,12,29.939,30.943,33.773,34.366,1.27
nil_awariya,deform_luminance_std,30,12,35.519,29.198,28.747,30.107,-1.29
kasthuri_dehi,deform_width_profile_roughness,30,12,0.066,0.063,0.061,0.085,1.31
siyambala,boundary_contour_roughness,30,12,1.403,1.32,1.343,1.247,-1.33
wal_bilin,scar_tissue_ratio,30,12,0.049,0.021,0.077,0.11,1.38
wal_bilin,ldsi_scar_sub,30,12,4.873,2.083,7.716,11.015,1.38
siyambala,hole_count,30,12,17.0,11.5,9.5,6.5,-1.4
siyambala,spot_count,30,12,44.0,35.0,44.0,18.0,-1.41
wal_bilin,ldsi_colour_sub,30,12,0.369,0.169,0.649,0.972,1.47
nil_awariya,colour_pct_chlorotic,30,12,0.007,0.034,0.012,0.143,1.48
wal_bilin,boundary_contour_roughness,30,12,1.104,1.11,1.116,1.126,1.48
kasthuri_dehi,boundary_contour_roughness,30,12,1.097,1.106,1.116,1.112,1.48
wal_bilin,hole_count,30,12,1.5,0.0,1.0,3.0,1.5
kathurupila,hole_count,30,12,6.5,7.5,9.5,12.5,1.5
siyambala,necrotic_spot_count,30,12,43.0,34.5,43.5,14.0,-1.53
siyambala,deform_width_profile_roughness,30,12,0.143,0.154,0.121,0.2,1.54
maha_undupiyaliya,spot_density_per_1000px,30,12,0.13,0.464,0.276,0.465,1.56
beli,texture_h_lbp_entropy,30,12,3.361,3.363,3.369,3.545,1.58
kathurupila,colour_pct_pale_patch,30,12,0.286,0.431,0.469,0.682,1.58
beli,hole_area_ratio,30,12,0.002,0.002,0.006,0.007,1.59
siyambala,texture_h_glcm_contrast_mean,30,12,22.416,18.759,17.404,17.595,-1.6
kasthuri_dehi,colour_pct_pale_patch,30,12,0.035,0.147,0.04,0.125,1.6
wal_bilin,spot_density_per_1000px,30,12,0.135,0.057,0.152,0.374,1.6
wal_kollu,ldsi_hole_sub,30,12,0.0,8.981,14.943,19.213,1.62
kattakumanjal,boundary_contour_roughness,30,12,1.169,1.21,1.214,1.242,1.72
kasthuri_dehi,hole_area_ratio,30,12,0.0,0.002,0.003,0.002,1.74
wal_bilin,colour_pct_pale_patch,30,12,0.016,0.039,0.025,0.048,1.75
wal_bilin,spot_area_ratio,30,12,0.003,0.001,0.007,0.015,1.83
wal_bilin,spot_count,30,12,2.0,1.0,3.0,7.5,1.83
thunpath_kurundu,spot_density_per_1000px,29,12,0.114,0.265,0.239,0.359,1.83
thunpath_kurundu,spot_mean_size,29,12,16.5,57.0,49.725,63.115,1.86
maha_undupiyaliya,deform_luminance_std,30,12,26.676,31.359,31.691,34.174,1.88
kasthuri_dehi,ldsi_scar_sub,30,12,0.0,4.917,19.782,9.126,1.99
kasthuri_dehi,scar_tissue_ratio,30,12,0.0,0.049,0.198,0.091,1.99
kasthuri_dehi,hole_count,30,12,0.0,1.5,1.0,2.0,2.0
beli,spot_count,30,12,1.0,2.0,2.5,3.0,2.0
beli,necrotic_spot_count,30,12,1.0,2.0,2.5,3.0,2.0
kattakumanjal,colour_pct_pale_patch,30,12,0.073,0.148,0.139,0.246,2.02
kathurupila,hole_area_ratio,30,12,0.018,0.031,0.034,0.038,2.04
wal_kollu,hole_area_ratio,30,12,0.0,0.001,0.004,0.006,2.12
wal_kollu,hole_count,30,12,0.0,2.0,3.0,6.0,2.18
kasthuri_dehi,texture_h_glcm_contrast_mean,30,12,10.299,14.765,11.629,14.309,2.32
nil_awariya,texture_h_lbp_entropy,30,12,3.118,3.037,3.096,3.404,2.45
wal_kollu,colour_pct_pale_patch,30,12,0.018,0.029,0.084,0.116,2.48
thunpath_kurundu,ldsi_hole_sub,29,12,0.0,14.235,17.885,28.704,2.57
nil_awariya,necrotic_spot_count,30,12,23.5,40.5,36.0,42.0,2.64
beli,ldsi_hole_sub,30,12,11.52,13.628,16.353,26.405,2.67
nil_awariya,spot_count,30,12,24.0,41.0,36.0,42.0,2.67
thunpath_kurundu,boundary_contour_roughness,29,12,1.098,1.118,1.116,1.145,2.71
wal_kollu,boundary_contour_roughness,30,12,1.108,1.121,1.121,1.16,2.91
kathurupila,texture_h_lbp_entropy,30,12,2.558,2.828,2.8,2.914,2.99
maha_undupiyaliya,boundary_contour_roughness,30,12,1.122,1.123,1.122,1.185,3.15
maha_undupiyaliya,texture_h_glcm_contrast_mean,30,12,6.611,10.237,9.201,12.297,3.19
beli,hole_count,30,12,2.0,3.0,5.0,8.5,3.25
beli,colour_pct_pale_patch,30,12,0.019,0.013,0.028,0.088,3.5
maha_undupiyaliya,ldsi_hole_sub,30,12,9.298,14.955,13.361,30.0,3.7
thunpath_kurundu,colour_pct_necrotic,29,12,0.5,2.002,1.692,2.386,3.86
thunpath_kurundu,hole_count,29,12,0.0,2.0,2.0,4.0,4.0
thunpath_kurundu,spot_area_ratio,29,12,0.002,0.013,0.013,0.017,4.09
ranawara,boundary_margin_deficit_ratio,30,12,0.005,0.01,0.017,0.036,4.14
thunpath_kurundu,ldsi_colour_sub,29,12,0.178,0.714,0.593,0.842,4.47
maha_undupiyaliya,hole_area_ratio,30,12,0.001,0.005,0.004,0.019,4.68
maha_undupiyaliya,colour_pct_pale_patch,30,12,0.011,0.063,0.054,0.367,6.43
thunpath_kurundu,hole_area_ratio,29,12,0.0,0.004,0.007,0.014,6.49
thunpath_kurundu,spot_count,29,12,1.0,5.0,4.5,7.5,6.5
thunpath_kurundu,necrotic_spot_count,29,12,1.0,5.0,4.5,7.5,6.5
siyambala,boundary_margin_deficit_ratio,30,12,0.002,0.004,0.001,0.041,17.7
siyambala,colour_pct_chlorotic,30,12,0.102,0.148,0.135,2.43,37.69
